player_name,current_club,position,age,nationality
Óliver Torres,Monterrey,FW-MF (AM-CM-WM),31-031d,Spain
Óscar,Not found,MF (AM-WM),Not found,Spain
Óscar Díaz,Not found,FW-MF (AM-WM),Not found,Not found
Óscar de Marcos,Not found,"DF-FW-MF (DM-FB, right)",Not found,Spain
Óscar Serrano,Not found,"MF (AM-WM, left)",Not found,Not found
Óscar Trejo,Rayo Vallecano,FW-MF (AM),37-229d,Not found
Óscar Ustari,Inter Miami,GK,39-161d,Argentina
Éric Abidal,Not found,"DF (FB, left)",Not found,France
Éver Banega,Newell's Old Boys,MF (AM-CM-DM-WM),37-165d,Argentina
Íñigo López,Not found,DF (CB),Not found,Not found
Ádám Pintér,Not found,DF-MF (CB-DM),Not found,Hungary
Álex Bergantiños,Not found,MF (DM),Not found,Not found
Álex Fernández,Cádiz,DF-MF (AM-CM-DM),33-057d,Spain
Álex Gálvez,Not found,DF-MF (CB-DM),Not found,Not found
Álex López,Not found,MF (CM-DM),Not found,Spain
Álex Martínez,Not found,"DF-MF (FB, left)",Not found,Not found
Álex Menéndez,UP Langreo,"DF (FB, left)",34-149d,Not found
Álex Moreno,Girona,"DF-MF (FB-WM, left)",32-186d,Not found
Álex Pérez,Not found,DF (CB),Not found,Not found
Álex Rubio,Not found,FW-MF (WM),Not found,Spain
Álvaro Arbeloa,Not found,"DF (FB, right)",Not found,Spain
Álvaro Arroyo,Not found,DF (CB-FB),Not found,Not found
Álvaro Cejudo,Not found,MF (AM-WM),Not found,Not found
Álvaro Domínguez,Not found,"DF (CB-FB, left)",Not found,Spain
Álvaro García,Rayo Vallecano,"FW-MF (AM-WM, left)",33-045d,Not found
Álvaro Giménez,Racing Ferrol,FW-MF,34-206d,Spain
Álvaro González,Tenerife,"DF (CB, right)",35-337d,Spain
Álvaro Medrán,Al-Ettifaq,MF (CM-DM),31-271d,Spain
Álvaro Morata,Como,FW,33-049d,Spain
Álvaro Negredo,Not found,FW,Not found,Spain
Álvaro Rubio,Not found,DF-MF (CM-DM),Not found,Spain
Álvaro Vázquez,Arenas Club de Getxo,FW,34-228d,Spain
Álvaro Vadillo,Not found,FW-MF (AM-WM),Not found,Spain
Ángel Dealbert,Not found,DF (CB),Not found,Not found
Ángel Di María,Rosario Central,FW-MF (AM-CM-WM),37-300d,Argentina
Ángel López,Not found,DF-MF (FB),Not found,Spain
Ángel Lafita,Not found,FW-MF (AM-WM),Not found,Not found
Ángel Rodríguez,Tenerife,FW,38-229d,Spain
Ángel Trujillo,Not found,DF (CB),Not found,Not found
Aarón Ñíguez,Not found,FW-MF (AM),Not found,Spain
Abdón Prats,Mallorca,FW,33-004d,Not found
Abdelaziz Barrada,Not found,MF (CM),Not found,Morocco ma  Other: France
Abdelkader Ghezzal,Not found,FW,Not found,Algeria dz  Other: France
Abdelkader Oueslati,Not found,DF-FW-MF (DM-WM),Not found,Tunisia tn  Other: France
Abdoul Sissoko,Not found,MF (DM),Not found,France
Abdoulay Konko,Not found,"DF-MF (FB, right)",Not found,Not found
Abdoulaye Ba,Not found,DF (CB),Not found,Senegal
Abel Aguilar,Not found,MF (CM-DM),Not found,Colombia
Abel Gómez Moreno,Not found,MF (CM),Not found,Not found
Abraham González,Not found,MF (CM),Not found,Not found
Abraham Minero,Not found,"DF-MF (FB, left)",Not found,Not found
Abraham Paz,Not found,DF (CB),Not found,Not found
Adama Traoré,Fulham,"FW-MF (AM-WM, right)",29-320d,Spain es  Other: Mali
Adil Rami,Not found,DF (CB),Not found,France
Adri Embarba,Almería,FW-MF (AM-WM),33-218d,Not found
Adrià Carmona,Not found,FW-MF (AM-WM),Not found,Spain
Adrián,Real Betis,GK,38-342d,Not found
Adrián Colunga,Not found,FW-MF (WM),Not found,Not found
Adrián González,Not found,MF (AM-CM),Not found,Spain
Adrián Gunino,Not found,"DF (FB, right)",Not found,Uruguay
Adrián López,Not found,FW,Not found,Spain
Adrián Lois,Torrent CF,MF,36-302d,Not found
Adrián Marín,Orlando City SC,"DF (FB, left)",28-336d,Spain
Adrián Sardinero,Not found,FW-MF,Not found,Not found
Adriano,Not found,"DF-MF (FB, left)",Not found,Brazil
Ager Aketxe,Johor Darul Ta'zim FC,MF (AM),31-346d,Spain
Agustín Pastoriza,Not found,(WM),Not found,Not found
Aitor Núñez,Not found,"DF (FB, right)",Not found,Not found
Aitor Ocio,Not found,DF (CB),Not found,Spain
Akihiro Ienaga,Kawasaki Frontale,"FW-MF (AM-WM, right)",39-181d,Japan
Alan Hutton,Not found,"DF (FB, right)",Not found,Scotland sct
Albert Crusat,Not found,"FW-MF (AM-WM, left)",Not found,Spain
Albert Luque,Not found,"FW-MF (WM, left)",Not found,Spain
Alberto Botía,AO Kifisia,DF (CB),36-318d,Spain
Alberto Bueno,Not found,FW-MF (WM),Not found,Spain
Alberto de la Bella,Not found,"DF (FB, left)",Not found,Not found
Alberto Lopo,Not found,DF (CB),Not found,Spain
Alberto Lora,Not found,"DF-MF (FB, right)",Not found,Not found
Alberto Moreno,Como,"DF-MF (FB, left)",33-159d,Spain
Alberto Noguera,Rayo Majadahonda,MF (CM),36-078d,Not found
Alberto Perea,Not found,"FW-MF (AM-WM, left)",Not found,Not found
Alberto Rivera,Not found,MF (AM-CM),Not found,Spain
Aldo Duscher,Not found,MF (DM),Not found,Argentina
Aleix Vidal,Not found,"DF-MF (WM, right)",Not found,Spain
Alejandro Alfaro,Not found,FW-MF (AM-WM),Not found,Spain
Alejandro Arribas,Not found,DF (CB),Not found,Not found
Alejandro Martinuccio,Not found,FW-MF (AM),Not found,Not found
Alejandro Pozuelo,Al-Fayha,FW-MF (AM),34-082d,Not found
Aleksandar Pantić,Not found,DF (CB),Not found,Serbia
Alessio Cerci,Not found,FW-MF (AM-WM),Not found,Italy
Alex Felip,Not found,MF,Not found,Not found
Alexandre Coeff,Valenciennes,DF-MF (CB-FB),33-294d,France
Alexandre Geijo,Not found,FW,Not found,Not found
Alexandre Song,Not found,DF-MF (AM-CB-DM),Not found,Cameroon
Alexandros Tziolis,Not found,MF (DM),Not found,Greece
Alexis,Not found,DF (CB),Not found,Spain
Alexis Sánchez,Sevilla,FW-MF (AM-WM),36-357d,Chile
Alfonso Pedraza,Villarreal,"DF-FW-MF (FB-WM, left)",29-246d,Spain
Alfreð Finnbogason,Not found,FW,Not found,Iceland
Alfred N'Diaye,Not found,DF-MF (CM-DM),Not found,Senegal sn  Other: France
Alfredo Ortuño,Cartagena,DF-FW,34-324d,Not found
Allan Nyom,Getafe,"DF-MF (FB, right)",37-215d,Cameroon cm  Other: France
Aloys Nong,Not found,FW,Not found,Cameroon
Aly Cissokho,Lamphun Warrior FC,"DF (FB, left)",38-087d,France
Anaitz Arbilla,Eibar,"DF (CB-FB, left)",38-210d,Not found
Ander Capa,Not found,"DF-MF (FB-WM, right)",Not found,Not found
Ander Herrera,Boca Juniors,"MF (AM-CM-DM-WM, right)",36-119d,Spain
Ander Iturraspe,Not found,MF (DM),Not found,Spain
Anderson Conceição,Boavista SC,DF (CB),36-048d,Not found
Andoni Iraola,Not found,"DF-MF (FB, right)",Not found,Spain
André Castro,Porto,MF (AM-CM-DM),37-253d,Portugal
André Gomes,Lille,MF (CM-DM),32-134d,Portugal
André Santos,Varzim,MF (CM-DM),36-284d,Portugal
Andrés Fernández,Almería,GK,38-359d,Not found
Andrés Guardado,Not found,"DF-FW-MF (CM-DM-FB-WM, left)",Not found,Mexico
Andrés Iniesta,Not found,"MF (AM-CM, left)",Not found,Spain
Andrés Palop,Not found,GK,Not found,Spain
Andrés Túñez,Not found,DF (CB),Not found,Venezuela
Andreas Ivanschitz,Not found,MF (AM),Not found,Austria
Andreu Fontàs,Not found,"DF (CB, left)",Not found,Spain
Andrija Delibašić,Not found,FW,Not found,Montenegro
Anthony Annan,Not found,MF (DM),Not found,Ghana
Antoine Griezmann,Atlético Madrid,FW-MF (AM-WM),34-265d,France
Antonio Adán,Esteghlal Khuz,GK,38-212d,Spain
Antonio Amaya,Not found,DF (CB),Not found,Not found
Antonio Barragán,Not found,"DF-MF (FB, right)",Not found,Spain
Antonio Cotán,Not found,MF (AM),Not found,Spain
Antonio Floro Flores,Not found,FW,Not found,Italy
Antonio López,Not found,"DF-MF (FB, left)",Not found,Spain
Antonio Luna,Not found,"DF (FB, left)",Not found,Spain
Antonio Marín,CD Estepona,"DF (FB, right)",29-177d,Spain
Antonio Rukavina,Not found,"DF (CB-FB, right)",Not found,Serbia
Antonio Tomás,Not found,MF (CM-DM),Not found,Not found
Apoño,Not found,MF (CM),Not found,Not found
Arda Turan,Not found,FW-MF (AM-WM),Not found,Turkey
Ariel Nahuelpán,Santa Cruz (PE),FW,38-057d,Not found
Aritz Aduriz,Not found,FW,Not found,Spain
Aritz Elustondo,Real Sociedad,"DF (CB-FB, right)",31-258d,Spain
Aritz López Garai,Not found,MF (CM),Not found,Not found
Arouna Koné,Not found,FW,Not found,Côte d'Ivoire
Arthur Boka,Not found,"DF (FB, left)",Not found,Côte d'Ivoire
Asier del Horno,Not found,"DF (FB, left)",Not found,Spain
Asier Illarramendi,Kitchee SC,MF (CM-DM),35-278d,Spain
Asier Riesgo,Not found,GK,Not found,Spain
Augusto Fernández,Not found,MF (WM),Not found,Argentina
Aymeric Laporte,Athletic Club,"DF (CB, left)",31-198d,Spain es  Other: France
Ayoze Díaz Díaz,Not found,"DF-MF (FB, left)",Not found,Not found
Ayoze García,Not found,"DF-MF (AM-FB, left)",Not found,Not found
Aythami Artiles,Not found,DF (CB),Not found,Spain
Baba Diawara,Not found,FW,Not found,Not found
Bacari,Not found,FW,Not found,Gambia gm  Other: Spain
Baltasar Rigo,Not found,DF (CB),Not found,Not found
Bartłomiej Pawłowski,Widzew Łódź,FW-MF (AM-WM),33-028d,Poland
Beñat Etxebarria,Not found,MF (CM-DM),Not found,Spain
Bebé,Ibiza,FW-MF (AM-WM),35-152d,Cape Verde cv  Other: Portugal
Benoît Trémoulinas,Not found,"DF (FB, left)",Not found,France
Bernardo Espinosa,Marbella,DF (CB),36-153d,Not found
Beto,Not found,GK,Not found,Portugal
Bobley Anderson,Not found,MF (AM),Not found,Not found
Bojan Jokić,Not found,"DF-MF (CB-FB, left)",Not found,Slovenia
Bojan Krkić,Not found,FW-MF (AM-WM),Not found,Spain
Borja Ekiza,Not found,DF (CB),Not found,Not found
Borja Fernández,Lincoln Red Imps FC,MF,30-117d,Spain
Borja Fernández,Not found,MF (CM-DM),Not found,Spain
Borja Gómez Pérez,Not found,"DF (CB-FB, left)",Not found,Not found
Borja García,Not found,DF,Not found,Spain
Borja García,Not found,"FW-MF (AM, left)",Not found,Spain
Borja Iglesias,Celta Vigo,FW,32-328d,Spain
Borja López,AC Bellinzona,DF (CB),31-312d,Spain
Borja Oubiña,Not found,MF (DM),Not found,Spain
Borja Valero,Not found,MF (AM-CM-DM),Not found,Spain
Borja Viguera,Not found,FW,Not found,Not found
Braian Rodríguez,Not found,FW,Not found,Not found
Brandon,Not found,FW-MF,Not found,Not found
Braulio Nóbrega,Not found,FW,Not found,Spain
Brayan Angulo,Not found,"DF-MF (FB-WM, left)",Not found,Colombia
Bruno,Not found,"DF (FB, right)",Not found,Not found
Bruno Gama,Not found,FW-MF (AM-WM),Not found,Portugal
Bruno Soriano,Not found,MF (CM-DM),Not found,Spain
Bruno Zuculini,Racing Club,MF (CM-DM),32-253d,Argentina
Bryan Rabello,O'Higgins,FW-MF (AM),31-209d,Chile
César Sánchez,Not found,GK,Not found,Spain
Cala,Not found,MF,Not found,Not found
Cala,Not found,"DF (CB, left)",Not found,Spain
Cani,Not found,MF (AM-WM),Not found,Not found
Carles Gil,New England Revolution,FW-MF (AM-WM),33-019d,Spain
Carles Planas,Not found,"DF (FB, left)",Not found,Spain
Carles Puyol,Not found,DF (CB),Not found,Spain
Carlos Aranda,Not found,FW,Not found,Spain
Carlos Bacca,Junior,FW,39-094d,Colombia
Carlos Bellvís,Not found,"DF (FB, left)",Not found,Not found
Carlos Caballero,Not found,MF,Not found,Not found
Carlos Clerc,Not found,"DF-MF (FB, left)",Not found,Not found
Carlos Diogo,Not found,"DF-MF (DM-FB, right)",Not found,Uruguay
Carlos Fernández,Mirandés,FW,29-203d,Spain
Carlos García,Bruno's Magpies FC,MF,32-085d,Spain
Carlos García,Not found,DF (CB),Not found,Spain
Carlos Gurpegui,Not found,DF-MF (CB-DM),Not found,Not found
Carlos Kameni,Not found,GK,Not found,Cameroon
Carlos Marchena,Not found,DF-MF (CB-DM),Not found,Spain
Carlos Martínez,Not found,"DF (FB, right)",Not found,Not found
Carlos Martins,Not found,MF (AM),Not found,Portugal
Carlos Peña,Not found,"DF (FB, left)",Not found,Spain
Carlos Sánchez,Not found,DF-MF (CM-DM),Not found,Colombia
Carlos Selfa,Not found,MF (CM),Not found,Not found
Carlos Tomás,Not found,DF (CB),Not found,Not found
Carlos Vela,Not found,FW-MF,Not found,Mexico
Carlos Vigaray,Teruel,"DF (FB, right)",31-095d,Not found
Carmelo González,Not found,MF (AM),Not found,Spain
Casemiro,Manchester United,MF (CM-DM),33-291d,Brazil
Casto,Not found,GK,Not found,Not found
Cata Díaz,Not found,DF (CB),Not found,Argentina
Cedrick Mabwati,Not found,FW-MF (WM),Not found,Congo DR
Celso Borges,Alajuelense,FW-MF (AM-CM-DM),37-198d,Costa Rica
Cesc Fàbregas,Not found,FW-MF (AM-CM-DM),Not found,Spain
Cezary Wilk,Not found,MF (DM),Not found,Poland
Charles,Not found,FW,Not found,Not found
Charlie I'Anson,Not found,DF (CB),Not found,Not found
Charlie Took,Not found,DF (CB),Not found,Not found
Chechu,Not found,DF (CB),Not found,Not found
Chico Flores,Not found,DF (CB),Not found,Spain
Chori Domínguez,Not found,FW-MF (AM),Not found,Argentina
Chory Castro,Not found,"FW-MF (AM-WM, left)",Not found,Uruguay
Christian,Not found,"DF (CB-FB, left)",Not found,Not found
Christian Alfonso,Not found,MF (AM),Not found,Not found
Christian Bravo,Antofagasta,"FW-MF (WM, right)",32-071d,Chile
Christian Cueva,Emelec,MF (AM-WM),34-018d,Peru
Christian Lell,Not found,"DF (FB, right)",Not found,Germany
Chuli,Not found,FW-MF,Not found,Spain
Cicinho,Not found,"DF (FB, right)",Not found,Brazil
Cicinho,Not found,"DF (FB, right)",Not found,Not found
Ciprian Marica,Not found,FW,Not found,Romania
Claudio Bravo,Not found,GK,Not found,Chile
Claudio Morel Rodríguez,Not found,"DF (CB-FB, left)",Not found,Paraguay
Coke,Not found,"DF-MF (FB, right)",Not found,Spain
Corona,Not found,MF (AM-CM),Not found,Spain
Cristóbal,Not found,DF-MF (CM),Not found,Not found
Cristhian Stuani,Girona,FW-MF,39-060d,Uruguay
Cristián Zapata,Atletico Bucaramanga,DF (CB),39-072d,Colombia
Cristian Álvarez,Not found,GK,Not found,Not found
Cristian Ansaldi,Not found,"DF-MF (FB-WM, left)",Not found,Argentina
Cristian Bustos,Not found,MF (DM),Not found,Not found
Cristian Gómez,Not found,MF,Not found,Not found
Cristian Herrera,Deportivo La Coruña,FW-MF (AM),34-273d,Not found
Cristian Hidalgo,Not found,"FW-MF (AM-WM, right)",Not found,Not found
Cristian Lobato,Not found,FW-MF (WM),Not found,Not found
Cristian Portilla,Not found,MF (AM),Not found,Spain
Cristian Pulhac,Not found,"DF (FB, left)",Not found,Romania
Cristian Rodríguez,Not found,"MF (AM-WM, left)",Not found,Uruguay
Cristian Săpunaru,Not found,DF (CB-FB),Not found,Romania
Cristian Tello,Al Oruba,"FW-MF (AM-WM, left)",34-122d,Spain
Cristiano Ronaldo,Al Nasr (KSA),FW-MF (WM),40-309d,Portugal
Dídac Vilà,Not found,"DF (FB, left)",Not found,Spain
Damià Abella,Not found,"DF-MF (FB-WM, right)",Not found,Not found
Damián Suárez,Penarol,"DF-MF (FB, right)",37-228d,Uruguay
Damien Perquis,Not found,DF (CB),Not found,Poland pl  Other: France
Dani Alves,Not found,"DF-MF (CM-FB, right)",Not found,Brazil
Dani Aquino,UCAM Murcia,"FW-MF (WM, left)",35-137d,Spain
Dani Benítez,Not found,"MF (WM, left)",Not found,Not found
Dani Carvajal,Real Madrid,"DF (FB, right)",33-334d,Spain
Dani Ceballos,Real Madrid,MF (CM-WM),29-126d,Spain
Dani Estrada,Not found,"DF-MF (FB-WM, right)",Not found,Not found
Dani Güiza,Not found,FW,Not found,Spain
Dani García,Olympiacos,MF (CM-DM),35-201d,Not found
Dani Giménez,Not found,GK,Not found,Not found
Dani Hernández,Not found,GK,Not found,Venezuela
Dani Nieto,UD Poblense,"FW-MF (WM, left)",34-221d,Spain
Dani Osvaldo,Not found,FW,Not found,Italy it  Other: Argentina
Dani Romera,Not found,FW,Not found,Not found
Daniel Aranzubia,Not found,GK,Not found,Spain
Daniel Candeias,Adanaspor,"FW-MF (AM-WM, right)",37-289d,Portugal
Daniel Carriço,Not found,DF-MF (CB-DM),Not found,Portugal
Daniel Larsson,Not found,FW-MF (AM-WM),Not found,Sweden
Daniel Pacheco,Wisła Płock,FW-MF (AM-WM),34-340d,Spain
Daniel Parejo,Villarreal,MF (AM-CM-DM),36-239d,Spain
Daniel Pinillos,Not found,"DF (FB, left)",Not found,Not found
Daniel Sotres,Not found,GK,Not found,Spain
Danijel Pranjić,Not found,"DF-MF (FB-WM, left)",Not found,Croatia
Dariusz Dudka,Not found,DF-MF (DM-FB),Not found,Poland
Darwin Machís,Universidad Central de Venezuela FC,"FW-MF (AM-WM, left)",32-307d,Venezuela
David Abraham,Not found,"DF (CB, right)",Not found,Argentina
David Albelda,Not found,DF-MF (DM),Not found,Spain
David Barral,Not found,FW,Not found,Not found
David Cerrajería,Not found,"DF (FB, left & right)",Not found,Not found
David Cobeño,Not found,GK,Not found,Not found
David Cortés,Not found,"DF (FB, right)",Not found,Not found
David Costas,Oviedo,DF (CB),30-260d,Spain
David de Gea,Fiorentina,GK,35-034d,Spain
David García,Not found,"DF (FB, left)",Not found,Spain
David Generelo,Not found,MF (CM),Not found,Not found
David Goldar,Pafos FC,DF (CB),31-087d,Not found
David López,Not found,MF (AM-WM),Not found,Not found
David López,Girona,DF-MF (CB-DM),36-063d,Not found
David Lombán,Not found,DF (CB),Not found,Spain
David Mateos,Not found,DF (CB),Not found,Spain
David Navarro,Not found,DF (CB),Not found,Not found
David Rochela,Not found,DF (CB),Not found,Spain
David Rodríguez,Not found,FW,Not found,Spain
David Timor,FC Goa,DF-MF (AM-CM-DM),36-055d,Not found
David Trezeguet,Not found,FW,Not found,France
David Villa,Not found,FW-MF (WM),Not found,Spain
David Zurutuza,Not found,"MF (AM-CM, left)",Not found,Not found
Deivid,Not found,DF-MF (CB),Not found,Not found
Dejan Lekić,Not found,FW,Not found,Serbia
Denis Cheryshev,Panionios,"FW-MF (WM, left)",34-350d,Russia
Denis Suárez,Alavés,MF (AM-CM-WM),31-339d,Spain
Derek Boateng,Not found,MF (DM),Not found,Ghana
Didier Zokora,Not found,MF (DM),Not found,Côte d'Ivoire
Diego,Not found,MF (AM-CM),Not found,Brazil
Diego Alves,Not found,GK,Not found,Brazil
Diego Benito Rey,Not found,MF,Not found,Not found
Diego Buonanotte,Temuco,FW-MF (AM-WM),37-236d,Argentina
Diego Capel,Not found,"MF (WM, left)",Not found,Spain
Diego Castro,Not found,FW-MF (WM),Not found,Not found
Diego Colotto,Not found,"DF (CB, right)",Not found,Argentina
Diego Costa,Not found,FW,Not found,Spain es  Other: Brazil
Diego Forlán,Not found,FW-MF (AM),Not found,Uruguay
Diego Godín,Not found,DF (CB),Not found,Uruguay
Diego Ifrán,Not found,FW,Not found,Not found
Diego López,Not found,GK,Not found,Spain
Diego Llorente,Real Betis,DF (CB),32-117d,Spain
Diego Lugano,Not found,DF (CB),Not found,Uruguay
Diego Mainz,Not found,DF (CB),Not found,Spain
Diego Mariño,Albacete,GK,35-216d,Spain
Diego Perotti,Not found,"FW-MF (AM-WM, left)",Not found,Argentina
Diego Rivas,Not found,MF (DM),Not found,Not found
Diego Seoane,Not found,"DF (FB, right)",Not found,Not found
Diego Valeri,Not found,FW-MF (AM),Not found,Argentina
Dimitri Foulquier,Valencia,"DF-MF (FB, right)",32-263d,France fr  Other: Guadeloupe
Diogo Figueiras,CD FAS,"DF-MF (FB, right)",34-163d,Portugal
Diogo Salomão,Not found,"FW-MF (WM, left)",Not found,Portugal
Dioni,Eldense,FW,35-355d,Not found
Domingo Cisma,Not found,"DF (FB, left)",Not found,Not found
Dorlan Pabón,Envigado,FW-MF (AM-WM),37-321d,Colombia
Douglas,Not found,"DF (FB, right)",Not found,Brazil
Duško Tošić,Not found,DF (CB-FB),Not found,Serbia
Duda,Not found,"DF-FW-MF (FB-WM, left)",Not found,Portugal
Dudu Aouate,Not found,GK,Not found,Israel
Eñaut Zubikarai,Not found,GK,Not found,Not found
Eddy Silvestre,Johor Darul Ta'zim FC,MF (AM-CM),33-131d,Azerbaijan az  Other: Spain
Eder Vilarchao,Not found,MF (AM),Not found,Not found
Edimar Fraga,Not found,"DF-MF (FB-WM, left)",Not found,Not found
Edinho,Not found,FW-MF (WM),Not found,Portugal
Edmílson,Not found,DF-MF (CB-CM-DM),Not found,Brazil
Edson Ratinho,Not found,"DF-MF (FB-WM, right)",Not found,Not found
Edu Albácar,Not found,"DF (FB, left)",Not found,Not found
Edu Bedia,Not found,MF (CM-DM),Not found,Spain
Edu Caballer,Not found,DF (CB),Not found,Not found
Edu Oriol,Not found,FW-MF (WM),Not found,Not found
Edu Ramos,Not found,MF (CM-DM),Not found,Spain
Eduardo Salvio,Lanús,"FW-MF (AM-WM, right)",35-151d,Argentina
Eduardo Vargas,Audax Italiano,FW-MF (AM-WM),36-021d,Chile
Efraín Juárez,Not found,"DF-MF (CB-DM-FB, right)",Not found,Mexico
Elías,Not found,"MF (CM-DM, right)",Not found,Brazil
Eliseu,Not found,"DF-MF (AM-FB-WM, left)",Not found,Portugal
Emanuel Insúa,Racing Ferrol,"DF (FB, left)",34-245d,Not found
Emi Buendía,Aston Villa,FW-MF (AM),28-351d,Argentina
Emiliano Armenteros,Not found,MF,Not found,Argentina
Emiliano Insúa,Not found,"DF (CB-FB, left)",Not found,Argentina
Emiliano Velázquez,Danubio,DF (CB),31-225d,Uruguay
Emilio Nsue,CF Intercity,"DF-FW-MF (FB, right)",36-072d,Equatorial Guinea gq  Other: Spain
Emir Spahić,Not found,DF (CB),Not found,Bosnia and Herzegovina ba  Other: Croatia
Emmanuel Adebayor,Not found,FW,Not found,Togo
Emre Belözoğlu,Not found,MF (DM),Not found,Turkey
Eneko Bóveda,Not found,"DF (FB, right)",Not found,Not found
Eneko Capilla,Not found,MF,Not found,Not found
Eneko Satrústegui,Cultural y Deportiva Leonesa,"DF (FB, left)",35-077d,Not found
Enric Saborit,AEK Larnaca,"DF (FB, left)",33-228d,Spain
Enrique Corrales,Not found,"DF (FB, left)",Not found,Spain
Enrique de Lucas,Not found,FW-MF (AM),Not found,Spain
Enrique Sola,Not found,FW,Not found,Spain
Enzo Maresca,Not found,MF,Not found,Italy
Enzo Pérez,River Plate,MF (CM-DM),39-292d,Argentina
Enzo Roco,Fatih Karagümrük SK,DF (CB),33-117d,Chile
Eric Bailly,Oviedo,"DF (CB, right)",31-243d,Côte d'Ivoire
Eric López,Not found,MF,Not found,Not found
Erik Morán,Not found,MF (CM-DM),Not found,Spain
Ernesto Galán,Not found,"DF (FB, right)",Not found,Not found
Esteban,Not found,GK,Not found,Spain
Esteban Granero,Not found,MF,Not found,Spain
Evaldo Fabiano,Not found,"DF (FB, left)",Not found,Not found
Ezequiel Calvente,Not found,"FW-MF (WM, left)",Not found,Spain
Ezequiel Garay,Not found,"DF (CB, right)",Not found,Argentina
Ezequiel Rescaldani,Not found,FW,Not found,Not found
Fábio Coentrão,Not found,"DF (FB, left)",Not found,Portugal
Fabián Orellana,Not found,FW-MF (AM-WM),Not found,Chile
Fabián Vargas,Not found,MF (CM-DM),Not found,Colombia
Fabinho,Al Ittihad Jeddah,DF-MF (CM-DM-FB),32-049d,Brazil
Fabrice Olinga,Not found,FW-MF,Not found,Cameroon
Fabricio,Not found,GK,Not found,Spain
Fausto Rossi,Vicenza,"MF (CM-DM-WM, left)",35-008d,Italy
Fausto Tienza,Not found,MF,Not found,Not found
Fayçal Fajr,Al Jubail Saudi Club,MF (AM-CM-DM),37-132d,Morocco ma  Other: France
Fede Vico,Ibiza,MF (AM-WM),31-160d,Spain
Federico Cartabia,Al Ahli,"MF (WM, right)",32-325d,Argentina
Federico Fazio,Not found,DF (CB),Not found,Argentina
Federico Fernández,Not found,DF (CB),Not found,Argentina
Federico Piovaccari,AC Virtus,FW,41-101d,Italy
Felipe Caicedo,Barcelona,FW-MF (WM),37-097d,Ecuador
Felipe Mattioni,Not found,"DF (CB-FB, right)",Not found,Not found
Fernando,Not found,FW-MF (AM),Not found,Spain
Fernando Amorebieta,Not found,DF (CB),Not found,Venezuela ve  Other: Spain
Fernando Cavenaghi,Not found,FW,Not found,Argentina
Fernando Gago,Not found,MF (DM-WM),Not found,Argentina
Fernando Llorente,Not found,FW,Not found,Spain
Fernando Meira,Not found,DF-MF (CB-DM),Not found,Portugal
Fernando Navarro,Not found,"DF (FB, left)",Not found,Spain
Fernando Soriano,Not found,MF (CM-DM),Not found,Spain
Fernando Tissone,Not found,MF (CM),Not found,Not found
Fernando Torres,Not found,FW,Not found,Spain
Ferran Corominas,Not found,FW-MF (WM),Not found,Spain
Fidel,Eldense,"FW-MF (AM-WM, left)",36-045d,Not found
Filipe Augusto,Qingdao Jonoon,MF (CM-DM),32-121d,Brazil
Filipe Luís,Not found,"DF (CB-FB, left)",Not found,Brazil
Flávio Ferreira,Not found,DF-MF (CB-DM),Not found,Not found
Florent Sinama Pongolle,Not found,FW,Not found,France fr  Other: Réunion
Florian Lejeune,Rayo Vallecano,DF-MF (CB),34-205d,France
Florin Andone,CD Atlético Baleares,FW,32-244d,Romania
Formose Mendy,Not found,MF,Not found,Guinea-Bissau gw  Other: Senegal
Frédéric Kanouté,Not found,FW,Not found,Mali ml  Other: France
Fran Mérida,Not found,MF (CM-DM),Not found,Spain
Fran Rico,Not found,MF,Not found,Not found
Fran Serrano,Not found,DF,Not found,Not found
Fran Sol,Not found,FW,Not found,Not found
Fran Vélez,Cartagena,DF-MF (CB),34-171d,Not found
Francesc Arnau,Not found,GK,Not found,Spain
Francis,Not found,"DF-MF (FB, right)",Not found,Not found
Francisco Portillo,Huesca,"MF (AM-WM, right)",35-181d,Not found
Francisco Puñal,Not found,MF (DM),Not found,Not found
Francisco Rufete,Not found,"MF (AM-WM, right)",Not found,Spain
Francisco Silva,Not found,DF-MF (CB-DM),Not found,Chile
Francisco Sutil,Not found,DF-FW-MF (AM-WM),Not found,Not found
Franco Fragapane,Union de Santa Fe,"FW-MF (AM-WM, left)",32-308d,Argentina
Franco Jara,Belgrano,FW,37-149d,Argentina
Franco Vázquez,Cremonese,FW-MF (AM-CM),36-292d,Argentina ar  Other: Italy
Franco Zuculini,Not found,MF (DM),Not found,Argentina
Fredy Hinestroza,Atletico Bucaramanga,"DF-MF (AM-FB-WM, left)",35-250d,Colombia
Gaël Kakuta,Sakaryaspor,FW-MF (AM-WM),34-173d,Congo DR cd  Other: France
Gabi,Not found,MF (CM-DM),Not found,Spain
Gabriel Milito,Not found,DF (CB),Not found,Argentina
Gabriel Paulista,Beşiktaş,DF (CB),35-015d,Not found
Gabriel Torje,Not found,"FW-MF (AM-WM, right)",Not found,Romania
Gaizka Toquero,Not found,FW-MF,Not found,Not found
Gareth Bale,Not found,FW-MF (AM-WM),Not found,Wales wls
Garry Rodrigues,Apollon Limassol,FW-MF (AM-WM),35-014d,Cape Verde cv  Other: Netherlands
Gary Medel,Universidad Católica,DF-MF (CB-DM),38-130d,Chile
Gaspar Panadero,Not found,MF (WM),Not found,Spain
Gastón Sangoy,Not found,FW-MF,Not found,Not found
Geoffrey Kondogbia,Marseille,DF-MF (CM-DM),32-299d,Central African Republic cf  Other: France
Gerónimo Rulli,Marseille,GK,33-205d,Argentina
Gerard Bordas,Not found,FW-MF (WM),Not found,Not found
Gerard Deulofeu,Not found,FW-MF (WM),Not found,Spain
Gerard Moreno,Villarreal,FW-MF,33-248d,Spain
Gerard Piqué,Not found,"DF (CB, right)",Not found,Spain
Germán Lux,Not found,GK,Not found,Argentina
Germán Parreño,Deportivo La Coruña,GK,32-298d,Not found
Gianni Zuiverloon,Not found,DF (CB-FB),Not found,Netherlands
Gilberto García,Not found,"DF-MF (FB-WM, right)",Not found,Colombia
Giovani dos Santos,Not found,FW-MF (AM-WM),Not found,Mexico
Giuseppe Rossi,Not found,FW,Not found,Italy it  Other: United States
Glenn Loovens,Not found,DF (CB),Not found,Netherlands
Gonzalo Castellani,Union Espanola,MF (AM-CM),38-123d,Not found
Gonzalo Colsa,Not found,MF (CM),Not found,Spain
Gonzalo Higuaín,Not found,FW-MF (WM),Not found,Argentina ar  Other: France
Gonzalo Rodríguez,Not found,DF (CB),Not found,Argentina
Gorka Elustondo,Not found,DF-MF (CB-CM-DM),Not found,Spain
Gorka Iraizoz,Not found,GK,Not found,Not found
Gorka Larrea,Not found,MF (CM),Not found,Spain
Grégory Arnolin,Not found,DF (CB),Not found,Not found
Grzegorz Krychowiak,Not found,MF (CM-DM),Not found,Poland
Guilherme Siqueira,Not found,"DF-MF (FB, left)",Not found,Not found
Guillermo,NorthEast United,FW,32-202d,Not found
Guillermo Méndez,Puerto de Vega,FW,33-314d,Spain
Guillermo Molins,Not found,FW-MF (AM-WM),Not found,Sweden se  Other: Uruguay
Guillermo Sara,Not found,GK,Not found,Argentina
Guirane N'Daw,Not found,DF-MF (CB-DM),Not found,Senegal
Gustavo Cabral,Not found,"DF (CB, right)",40-058d,Argentina
Gustavo Munúa,Not found,GK,Not found,Uruguay
Héctor,Corinthians,DF-FW (FB),30-088d,Spain
Héctor Hernández,Pontevedra,"DF (FB, left)",34-202d,Not found
Héctor Moreno,Monterrey,"DF (CB-FB, left)",37-328d,Mexico
Héctor Rodas,Not found,DF (CB),Not found,Not found
Héctor Yuste,East Bengal,DF-MF (CB-DM),37-333d,Not found
Hélder Barbosa,Not found,FW-MF (WM),Not found,Portugal
Hélder Costa,Yunnan Yukun,"FW-MF (AM-WM, right)",31-333d,Angola ao  Other: Portugal
Hélder Postiga,Not found,FW,Not found,Portugal
Hélder Rosário,Not found,DF (CB),Not found,Not found
Héldon Ramos,Not found,FW-MF (AM),Not found,Cape Verde
Hamit Altıntop,Not found,"DF-MF (FB-WM, right)",Not found,Turkey tr  Other: Germany
Hans Martínez,Not found,DF (CB),Not found,Chile
Haris Medunjanin,Not found,MF (AM-CM-DM),Not found,Bosnia and Herzegovina ba  Other: Netherlands
Haris Seferović,Not found,FW,33-292d,Switzerland
Hassan Yebda,Not found,MF (CM),Not found,Algeria dz  Other: France
Hedwiges Maduro,Not found,DF-MF (CB-DM),Not found,Netherlands
Heinz Barmettler,Not found,DF (CB),Not found,Dominican Republic do  Other: Switzerland
Henok Goitom,Not found,FW,Not found,Eritrea er  Other: Sweden
Henri Bienvenu,Not found,FW,Not found,Cameroon
Henrique,Not found,DF (CB),Not found,Brazil
Henrique Almeida,Amazonas FC,FW,34-198d,Brazil
Henrique Sereno,Not found,DF (CB),Not found,Portugal
Hernán Bernardello,Not found,MF (DM),Not found,Argentina
Hernán Pérez,Deportivo Recoleta,"FW-MF (AM-WM, right)",36-289d,Paraguay
Hernán Pellerano,Not found,DF (CB),Not found,Not found
Hicham Khaloua,Not found,FW,Not found,Morocco ma  Other: Spain
Hiroshi Ibusuki,Western United FC,FW,34-287d,Japan
Hugo Fraile,Not found,FW-MF,Not found,Not found
Hugo Mallo,Not found,"DF (FB, right)",Not found,Spain
Humberto Osorio,Jaguares de UPNFM,FW,37-170d,Not found
Iñaki Goitia,Not found,GK,Not found,Not found
Iñaki Williams,Athletic Club,FW-MF (AM),31-179d,Ghana gh  Other: Spain
Iñigo Díaz de Cerio,Not found,FW,Not found,Not found
Iñigo Martínez,Al Nasr (KSA),"DF (CB, left)",34-208d,Spain
Iñigo Pérez,Not found,"MF (CM-DM, left)",Not found,Not found
Iñigo Ruiz de Galarreta,Athletic Club,MF (CM-DM),32-127d,Spain
Iago Aspas,Celta Vigo,FW-MF,38-132d,Spain
Iago Bouzón,Not found,DF,Not found,Spain
Iago Falque,Not found,FW-MF (AM-WM),Not found,Spain
Iago Herrerín,Olympic Charleroi,GK,37-320d,Not found
Ibai Gómez,Not found,FW-MF (WM),Not found,Not found
Ibrahim Afellay,Not found,FW-MF (AM-WM),Not found,Netherlands
Ibrahima Baldé,Not found,FW,Not found,Senegal
Ignacio Camacho,Not found,MF (DM),Not found,Spain
Igor Gabilondo,Not found,"MF (WM, left)",Not found,Not found
Igor Martínez,Not found,FW-MF (AM),Not found,Spain
Ikechukwu Uche,Not found,FW,Not found,Nigeria
Iker Casillas,Not found,GK,Not found,Spain
Iker Hernández,Not found,FW,Not found,Spain
Iker Muniain,Not found,"FW-MF (AM-WM, left)",32-357d,Spain
Imanol Agirretxe,Not found,FW,Not found,Spain
Ion Ansotegi,Not found,DF (CB),Not found,Not found
Ion Echaide,Not found,DF,Not found,Spain
Ion Vélez,Not found,FW,Not found,Not found
Iriney,Not found,MF (CM-DM),Not found,Not found
Isaías Sánchez,Not found,MF (CM-DM),Not found,Not found
Isaac Cuenca,Not found,FW-MF (WM),Not found,Spain
Isaac Gómez,Real Murcia,MF,30-044d,Not found
Isaac Success,Not found,FW-MF,Not found,Nigeria
Isco,Real Betis,FW-MF (AM-CM),33-234d,Spain
Isma López,Not found,"DF-FW-MF (FB, left)",Not found,Spain
Israel Puerto,Stal Mielec,DF (CB),32-179d,Spain
Issam El Adoua,Not found,DF (CB),Not found,Morocco
Iván Alonso,Not found,FW,Not found,Uruguay
Iván Bolado,Not found,FW,Not found,Equatorial Guinea gq  Other: Spain
Iván Cuéllar,Mallorca,GK,41-198d,Spain
Iván de la Peña,Not found,MF (AM-CM),Not found,Spain
Iván González,Not found,DF (CB),Not found,Not found
Iván Hernández,Not found,DF (CB),Not found,Not found
Iván López,Not found,"DF (FB, right)",Not found,Spain
Iván Marcano,Not found,"DF (CB-FB, left)",38-171d,Spain
Iván Ramis,Not found,DF (CB),Not found,Spain
Ivan Cavaleiro,Tondela,FW-MF (AM-WM),32-054d,Portugal pt  Other: Angola
Ivan Obradović,Not found,"DF (FB, left)",Not found,Serbia
Ivan Rakitić,Not found,MF (AM-CM-DM-WM),Not found,Croatia hr  Other: Switzerland
Ivi,Raków Częstochowa,"FW-MF (AM, left)",31-165d,Not found
Ivica Dragutinović,Not found,"DF (CB-FB, left)",Not found,Serbia
Jérémy Mathieu,Not found,"DF (CB-FB, left)",Not found,France
Jérémy Perbet,Not found,FW,Not found,Not found
Jérémy Toulalan,Not found,DF-MF (DM),Not found,France
Jaime,Not found,GK,Not found,Not found
Jaime Gavilán,Not found,"MF (WM, left)",Not found,Spain
Jaime Isuardi,Not found,FW,Not found,Not found
Jaime Romero,Not found,FW-MF (WM),Not found,Spain
Jairo Morillas,Not found,FW,Not found,Spain
Jairo Samperio,Not found,FW-MF (AM-WM),Not found,Spain
James Rodríguez,León,FW-MF (AM-WM),34-152d,Colombia
Jan Oblak,Atlético Madrid,GK,32-338d,Slovenia
Júlio Baptista,Not found,FW-MF (AM),Not found,Brazil
Júlio César,Not found,GK,Not found,Not found
Jason,Al-Fayha,"FW-MF (AM-WM, right)",31-158d,Not found
Jaume Costa,Not found,"DF (FB, left)",Not found,Spain
Javad Nekounam,Not found,MF (DM),Not found,Iran
Javi Álamo,Not found,FW-MF (WM),Not found,Not found
Javi Flores,Not found,MF (AM),Not found,Not found
Javi Fuego,Not found,MF (CM-DM),Not found,Spain
Javi Guerra,Not found,FW,Not found,Not found
Javi Jiménez,Not found,GK,Not found,Not found
Javi López,Not found,"DF-MF (FB, right)",Not found,Not found
Javi Lara,Not found,MF (CM),Not found,Not found
Javi Márquez,Not found,MF (AM-CM),Not found,Not found
Javi Martínez,Not found,DF-MF (CB-DM),37-100d,Spain
Javi Poves,Not found,DF,Not found,Not found
Javi Varas,Not found,GK,Not found,Not found
Javi Venta,Not found,"DF (FB, right)",Not found,Not found
Javier Acuña,Not found,FW,Not found,Paraguay
Javier Aquino,Tigres UANL,DF-FW-MF (AM-FB-WM),35-303d,Mexico
Javier Arizmendi,Not found,FW-MF (WM),Not found,Spain
Javier Baraja,Not found,DF-MF (CB-DM),Not found,Spain
Javier Calleja,Not found,MF (WM),Not found,Spain
Javier Camuñas,Not found,FW-MF (AM),Not found,Not found
Javier Casquero,Not found,MF (CM),Not found,Not found
Javier Chica,Not found,DF (FB),Not found,Spain
Javier Espinosa,Not found,MF (CM),Not found,Spain
Javier Farinós,Not found,MF,Not found,Spain
Javier Hernández,Guadalajara,FW,37-193d,Mexico
Javier Hervás,Not found,MF (CM),Not found,Not found
Javier Manquillo,Not found,"DF (FB, right)",Not found,Spain
Javier Mascherano,Not found,DF-MF (CB-DM),Not found,Argentina
Javier Matilla,Kallithea,MF (CM-DM),37-117d,Spain
Javier Paredes,Not found,"DF (FB, left)",Not found,Spain
Javier Portillo,Not found,FW,Not found,Spain
Javier Ros,Not found,MF (CM-DM),Not found,Not found
Javier Saviola,Not found,FW,Not found,Argentina
Jean Marie Dongou,Not found,FW,Not found,Cameroon
Jean-Sylvain Babin,Real Avilés,DF (CB),39-058d,Martinique mq  Other: France
Jefferson Montero,Not found,FW-MF (AM-WM),Not found,Ecuador
Jeffrén Suárez,Not found,FW-MF (WM),Not found,Venezuela ve  Other: Spain
Jeffrey Sarpong,Not found,MF (AM),Not found,Netherlands
Jeison Murillo,Al Shamal,DF (CB),33-198d,Colombia
Jerzy Dudek,Not found,GK,Not found,Poland
Jesé,Las Palmas,FW-MF,32-288d,Spain
Jesús,Politehnica Iași,GK,37-183d,Not found
Jesús Dátolo,Not found,MF (AM-WM),Not found,Argentina
Jesús Gámez,Not found,"DF (FB, right)",Not found,Spain
Jesús Navas,Not found,"DF-FW-MF (AM-FB-WM, right)",Not found,Spain
Jesús Rueda,Not found,DF-MF (CB-DM),Not found,Not found
Jesús Vázquez,Not found,MF (CM),Not found,Not found
Jhon Córdoba,Krasnodar,FW,32-214d,Colombia
Jiří Jarošík,Not found,DF-MF,Not found,Czech Republic
João Cancelo,Al-Hilal,"DF-MF (CB-FB, right)",31-198d,Portugal
João Pereira,Not found,"DF-MF (FB, right)",Not found,Portugal
João Victor,Not found,DF-MF (DM-FB),Not found,Brazil
Joan Àngel Román,KS Wieczysta Kraków,FW-MF (WM),32-207d,Spain
Joan Capdevila,Not found,"DF (FB, left)",Not found,Spain
Joan Jordán,Sevilla,MF (CM-DM-WM),31-158d,Not found
Joan Oriol,Not found,"DF (FB, left)",Not found,Not found
Joan Tomàs,Not found,FW-MF (AM-WM),Not found,Spain
Joan Verdú,Not found,MF (AM-CM-WM),Not found,Spain
Joaquín,Not found,"FW-MF (AM-WM, right)",Not found,Spain
Joaquín Larrivey,Deportes Concepcion,FW,41-113d,Not found
Joel Campbell,Alajuelense,FW-MF (AM),33-168d,Costa Rica
Joel Robles,Estoril,GK,35-177d,Spain
Joel Valencia,Znicz Pruszków,MF (WM),31-025d,Ecuador
Johan Mojica,Mallorca,"DF-MF (FB-WM, left)",33-112d,Colombia
Jon Aurtenetxe,Not found,"DF (CB-FB, left)",Not found,Spain
Jon Errasti,Not found,MF (DM),Not found,Not found
Jon Gaztañaga,Not found,DF-MF (CB-DM),Not found,Spain
Jonás Ramalho,Olympic Charleroi,"DF (CB, right)",32-184d,Spain es  Other: Angola
Jonas,Not found,FW,Not found,Brazil
Jonathan de Guzmán,Sparta Rotterdam,MF (AM-CM-DM),38-089d,Netherlands nl  Other: Canada
Jonathan dos Santos,América,MF (CM-DM),35-229d,Mexico
Jonathan López,Not found,GK,Not found,Spain
Jonathan Pereira,Not found,FW,Not found,Spain
Jonathan Urretaviscaya,Juventud (Uru),"FW-MF (AM-WM, right)",35-267d,Uruguay
Jonathan Viera,Las Palmas,FW-MF (AM-WM),36-051d,Spain
Jonathan Vila,Not found,DF-MF (CB-DM),Not found,Not found
Jonathan Zongo,Not found,FW-MF (AM-WM),Not found,Burkina Faso
Jonathas,Not found,FW,Not found,Not found
Jonny Castro,Alavés,DF-MF (FB-WM),31-283d,Spain
Jordan Lotiès,Not found,DF (CB),Not found,Not found
Jordi,Not found,DF (CB-FB),Not found,Not found
Jordi Alba,Inter Miami,"DF-MF (FB, left)",36-265d,Spain
Jordi Amat,Persija Jakarta,DF (CB),33-265d,Indonesia id  Other: Spain
Jordi Codina,Not found,GK,Not found,Not found
Jordi Masip,Not found,GK,Not found,Spain
Jordi Xumetra,Not found,"FW-MF (WM, right)",Not found,Not found
Jorge García,Not found,DF (CB),Not found,Not found
Jorge López,Not found,MF (AM),Not found,Not found
Jorge Molina,Not found,FW,Not found,Not found
Jorge Morcillo,Not found,DF (CB),Not found,Not found
Jorge Ortí,Not found,FW,Not found,Spain
Jorge Pulido,Huesca,DF (CB),34-247d,Spain
Joris Mathijsen,Not found,DF (CB),Not found,Netherlands
José Ángel,Not found,"DF-MF (FB, left)",Not found,Spain
José Ángel Alonso,Not found,DF (CB),Not found,Not found
José Ángel Crespo,Not found,DF (CB-FB),Not found,Spain
José Antonio Caro,CD Estepona,DF (CB),32-278d,Not found
José Antonio Reyes,Not found,MF (AM-WM),Not found,Spain
José Ariel Núñez,Club Atlético Tembetary,FW-MF,37-090d,Paraguay
José Barkero,Not found,MF (AM),Not found,Spain
José Cañas,Manchester 62 FC,MF (DM),38-198d,Not found
José Callejón,Marbella,"FW-MF (WM, right)",38-303d,Spain
José Campaña,Not found,MF (AM-CM),Not found,Spain
José Carlos,Not found,FW-MF (AM-WM),Not found,Not found
José Catalá,Not found,"DF (FB, left)",Not found,Not found
José García,Not found,FW-MF (WM),Not found,Not found
José Higón,Not found,MF (WM),Not found,Not found
José Isidoro,Not found,"DF (FB, right)",Not found,Not found
José López Silva,Not found,MF (AM-WM),Not found,Not found
José Luis Gayà,Valencia,"DF-MF (FB-WM, left)",30-200d,Spain
José Luis Martí,Not found,MF (CM-DM),Not found,Not found
José Luis Morales,Levante,FW-MF (AM-WM),38-141d,Not found
José Manuel Casado,Not found,"DF (FB, left)",Not found,Not found
José Manuel Fernández,Not found,"DF (FB, right)",Not found,Not found
José Manuel Jurado,Not found,MF (AM),Not found,Spain
José Manuel Pinto,Not found,GK,Not found,Not found
José María Giménez,Atlético Madrid,DF (CB),30-325d,Uruguay
José María Movilla,Not found,MF (CM-DM),Not found,Not found
José Mari,Not found,MF (DM),Not found,Not found
José Nunes,Not found,DF (CB),Not found,Portugal
José Ortiz Bernal,Not found,"FW-MF (AM, right)",Not found,Not found
José Picón,Not found,DF,Not found,Not found
José Rodríguez,Flamurtari Vlorë,MF (CM),30-360d,Spain
José Sand,Not found,FW,Not found,Argentina
José Sosa,Estudiantes (LP),MF (AM-DM),40-175d,Argentina
Joseba Llorente,Not found,FW,Not found,Not found
Joseba Zaldúa,Not found,"DF (FB, right)",Not found,Not found
Joselu,Al Gharrafa,FW,35-259d,Spain es  Other: Germany
Josetxo,Not found,DF (CB),Not found,Spain
Josuha Guilavogui,Not found,DF-MF (CM-DM),Not found,France
Jozabed,Not found,MF (AM-CM),Not found,Not found
Jozy Altidore,Not found,FW,Not found,United States
Juan Ángel Albín,Not found,FW-MF (AM),Not found,Uruguay
Juan Bernat,Not found,"DF-FW-MF (FB-WM, left)",Not found,Spain
Juan Calatayud,Not found,GK,Not found,Not found
Juan Carlos,Girona,GK,37-325d,Not found
Juan Carlos,Real Murcia,FW-MF (AM),34-271d,Not found
Juan Carlos,Not found,GK,Not found,Not found
Juan Carlos Valerón,Not found,MF (AM),Not found,Spain
Juan Domínguez,Not found,MF (CM-DM),Not found,Not found
Juan Forlín,Not found,DF-MF (CB-DM),Not found,Not found
Juan Manuel Ortiz,Not found,"DF-MF (FB-WM, right)",Not found,Not found
Juan Mata,Melbourne Victory,FW-MF (AM-WM),37-227d,Spain
Juan Muñiz,Adelaide United,MF (AM),33-272d,Spain
Juan Muñoz,União de Leiria,FW-MF,30-029d,Spain
Juan Neira,OFI Crete,FW-MF (AM),36-293d,Argentina
Juan Pablo Colinas,Not found,GK,Not found,Not found
Juan Rafael Fuentes,Not found,"DF (FB, left)",Not found,Not found
Juan Rodríguez,Not found,MF (DM),Not found,Not found
Juan Valera Espín,Not found,"DF-MF (FB, right)",Not found,Spain
Juanfran,Not found,"DF-FW-MF (FB-WM, right)",Not found,Not found
Juanfran,Not found,"DF-MF (FB-WM, right)",Not found,Spain
Juanfran,Not found,"DF (FB, left)",Not found,Spain
Juanito,Not found,DF-MF (DM),Not found,Not found
Juankar,Not found,"DF-FW-MF (AM-FB-WM, left)",Not found,Spain
Juanlu,Not found,"MF (WM, left)",Not found,Not found
Juanma,Not found,FW-MF,Not found,Not found
Juanma,Not found,"MF (WM, right)",Not found,Not found
Juanmi,Getafe,FW-MF (AM),32-205d,Spain
Juanpi,Volos N.F.C.,FW-MF (AM-WM),31-321d,Venezuela
Juanra,Not found,"DF (FB, right)",Not found,Not found
Juca,Not found,MF (DM),Not found,Not found
Jukka Raitala,IF Gnistan,"DF (CB-FB, left)",37-087d,Finland
Julián Cuesta,Antalyaspor,GK,34-258d,Not found
Julián Luque Conde,Not found,FW-MF (WM),Not found,Spain
Julien Escudé,Not found,DF (CB),Not found,France
Kévin Gameiro,Not found,FW,Not found,France
Kaká,Not found,DF (CB),Not found,Not found
Kaká,Not found,FW-MF (AM),Not found,Brazil
Kalu Uche,Not found,FW-MF (AM),Not found,Nigeria
Karim Benzema,Al Ittihad Jeddah,FW,37-357d,France
Karim Yoda,Al-Ra'ed,MF (AM),37-047d,Not found
Kennedy Bakircioglü,Not found,MF (AM),Not found,Sweden
Kevin,Not found,"DF (FB, left)",Not found,Not found
Kevin Lacruz,Not found,MF,Not found,Spain
Keylor Navas,Pumas UNAM,GK,38-361d,Costa Rica
Khouma Babacar,Sarıyer SK,FW,32-269d,Senegal
Kiko Casilla,Not found,GK,Not found,Spain
Kiko Femenía,Getafe,"DF-FW-MF (FB-WM, right)",34-312d,Spain
Kiko Olivas,Cartagena,"DF (CB, right)",37-112d,Spain
Kiu,Not found,MF (WM),Not found,Korea Republic
Knut Olav Rindarøy,Not found,"DF (FB, left)",Not found,Norway
Koikili Lertxundi,Not found,"DF (FB, left)",Not found,Not found
Koke,Atlético Madrid,MF (AM-CM-DM-WM),33-337d,Spain
Koke,Not found,FW,Not found,Not found
Kris Stadsgaard,Not found,DF (CB),Not found,Denmark
Krisztián Vadócz,Not found,MF (CM),Not found,Hungary
Léo Baptistão,Almería,FW-MF (AM),33-107d,Not found
Lévy Madinda,PS Barito Putera,MF (CM),33-172d,Gabon
Lass Bangoura,Not found,FW-MF (WM),Not found,Guinea
Lassad Nouioui,Not found,FW,Not found,Tunisia tn  Other: France
Lassana Diarra,Not found,MF,Not found,France
Laure,Not found,"DF (FB, right)",Not found,Not found
Lautaro Acosta,Lanús,FW-MF (WM),37-272d,Argentina
Leo Franco,Not found,GK,Not found,Argentina
Leonardo Ponzio,Not found,MF (CM-DM),Not found,Argentina
Leonardo Ulloa,Not found,FW,Not found,Not found
Leonel Galeano,Cienciano,DF (CB),34-131d,Argentina
Liassine Cadamuro,Not found,Not found,Not found,Not found
Licá,Not found,FW-MF (AM-WM),Not found,Portugal
Lillo,Not found,"DF (FB, right)",Not found,Spain
Lionel Messi,Inter Miami,"FW-MF (AM-WM, right)",38-170d,Argentina
Lisandro López,Belgrano,"DF (CB, right)",36-101d,Argentina
Lluís Sastre,Not found,MF (DM),Not found,Spain
Lolo,Not found,DF-MF (CB-DM-FB),Not found,Not found
Lolo,Not found,FW-MF (AM),Not found,Not found
Lorenzo Reyes,Nublense,MF (CM-DM),34-181d,Chile
Loukas Vyntra,Not found,DF (CB),Not found,Greece
Luís Fabiano,Not found,FW,Not found,Brazil
Luís Martins,Not found,"DF (FB, left)",Not found,Portugal
Luca Cigarini,Not found,MF (CM-DM),Not found,Italy
Lucas Hernández,Paris Saint-Germain,"DF (CB-FB, left)",29-300d,France
Lucas Orbán,Not found,"DF (CB-FB, left)",Not found,Argentina
Lucas Pérez,Not found,FW-MF (WM),Not found,Not found
Lucas Piazon,KS Wieczysta Kraków,FW-MF (AM-WM),31-325d,Brazil
Lucas Silva,Cruzeiro,MF (CM-DM),32-298d,Brazil
Lucas Vázquez,Leverkusen,"DF-FW-MF (FB-WM, right)",34-163d,Spain
Lucas Wilchez,Not found,FW-MF (WM),Not found,Not found
Luciano Vietto,Racing Club,FW-MF (AM),32-006d,Argentina
Luis Alberto,Al Duhail SC,"FW-MF (AM-CM-WM, left)",33-074d,Spain
Luis Amaranto Perea,Not found,DF (CB),Not found,Colombia
Luis Carlos Martín,Not found,"MF (WM, left)",Not found,Not found
Luis Fariña,Not found,FW-MF (AM),Not found,Argentina
Luis García,Not found,FW-MF (WM),Not found,Spain
Luis Morán,Not found,MF (WM),Not found,Spain
Luis Suárez,Inter Miami,FW,38-321d,Uruguay
Luisinho,Not found,"DF (FB, left)",Not found,Not found
Luismi,Málaga,DF-MF (CM-DM),33-220d,Not found
Luka Modrić,Milan,MF (AM-CM-DM-WM),40-093d,Croatia
Luso,Not found,DF-MF (DM),Not found,Not found
Míchel,Not found,MF (CM-WM),Not found,Spain
Míchel,Not found,MF (AM-CM),Not found,Spain
Míchel,Not found,MF,Not found,Not found
Mahamadou Diarra,Not found,MF (CM-DM),Not found,Mali
Maikel Mesa,Tenerife,FW-MF (AM),34-190d,Not found
Mamadou Koné,Not found,FW,Not found,Not found
Mané,Not found,"DF-MF (FB-WM, left)",Not found,Not found
Manolo Gaspar,Not found,"DF (FB, right)",Not found,Not found
Manolo Reina,Not found,GK,Not found,Not found
Manu,Not found,GK,Not found,Spain
Manu del Moral,Not found,FW,Not found,Spain
Manu Herrera,Not found,GK,Not found,Not found
Manu Molina,Eldense,MF (AM),34-021d,Not found
Manu Torres,Not found,"DF (FB, left & right)",Not found,Not found
Manu Trigueros,Granada,MF (CM-WM),34-055d,Not found
Manucho,Not found,FW,Not found,Angola
Manuel Arana,Not found,"MF (AM-WM, right)",Not found,Not found
Manuel Fernandes,Not found,MF (AM-DM),Not found,Portugal
Manuel Iturra,Not found,MF (CM-DM),Not found,Chile
Manuel Lanzarote,Not found,MF (AM-WM),Not found,Not found
Manuel Lucena,Not found,DF (CB),Not found,Not found
Manuel Onwu,Not found,FW,Not found,Not found
Manuel Pablo,Not found,"DF (FB, right)",Not found,Spain
Marc Bartra,Real Betis,DF (CB-FB),34-330d,Spain
Marc Bertrán,Not found,"DF (FB, right)",Not found,Spain
Marc Fernández,Not found,FW-MF,Not found,Not found
Marc Muniesa,Al-Shahania Sports Club,"DF-MF (CB-DM-FB, left)",33-259d,Spain
Marc Torrejón,Not found,DF (CB),Not found,Spain
Marc Valiente,Not found,DF (CB),Not found,Spain
Marcelo,Not found,"DF-MF (FB-WM, left)",Not found,Brazil
Marcelo Silva,Not found,DF (CB),Not found,Uruguay
Marco Pérez,Deportivo Pereira,FW-MF,35-084d,Colombia
Marco Ruben,Not found,FW,Not found,Argentina
Marco Sangalli,Racing Santander,"DF-FW-MF (AM-WM, right)",33-307d,Not found
Marco Torsiglieri,Not found,"DF-MF (CB, left)",Not found,Not found
Marcos,Puente Genil FC,DF,36-072d,Not found
Marcos Angeleri,Not found,"DF (CB-FB, right)",Not found,Argentina
Marcos Gullón,Not found,MF,Not found,Spain
Marcos Landeira,Not found,MF,Not found,Not found
Marcos Senna,Not found,MF (CM-DM),Not found,Spain es  Other: Brazil
Marcos Tébar,Not found,DF-MF (FB),Not found,Spain
Mariano Barbosa,Not found,GK,Not found,Argentina
Mario,Not found,DF (CB),Not found,Spain
Mario Arqués,Not found,MF,Not found,Not found
Mario Bermejo,Not found,FW,Not found,Spain
Mario Fernández,Not found,GK,Not found,Spain
Mario Gaspar,Not found,"DF-MF (FB, right)",Not found,Spain
Mario Mandžukić,Not found,FW-MF,Not found,Croatia
Mario Pašalić,Atalanta,FW-MF (AM-CM-DM),30-305d,Croatia hr  Other: Germany
Mario Suárez,Not found,MF (DM),Not found,Spain
Marius Stankevičius,Not found,"DF-MF (CB-FB, right)",Not found,Lithuania
Markel Bergara,Not found,MF (DM),Not found,Spain
Markel Susaeta,Not found,"FW-MF (AM-WM, right)",Not found,Spain
Marko Marin,Not found,FW-MF (AM-WM),Not found,Germany de  Other: Bosnia and Herzegovina
Markus Rosenberg,Not found,FW,Not found,Sweden
Markus Steinhöfer,Not found,"DF-MF (FB, right)",Not found,Germany
Martí Crespí,Not found,DF (CB),Not found,Spain
Martín Cáceres,Libertad,DF (CB-FB),38-248d,Uruguay
Martín Demichelis,Not found,DF-MF (CB-DM),Not found,Argentina
Martín Montoya,Not found,"DF (FB, right)",Not found,Spain
Martin Ødegaard,Arsenal,FW-MF (AM-CM-WM),26-359d,Norway
Martin Petrov,Not found,"FW-MF (WM, left)",Not found,Bulgaria
Marvin Ogunjimi,Not found,FW,Not found,Belgium
Masoud Shojaei,Not found,MF (AM),Not found,Iran
Matías Fritzler,Not found,MF (CM-DM),Not found,Not found
Matías Nahuel,Maccabi Haifa,FW-MF (AM-WM),29-019d,Spain es  Other: Argentina
Mate Bilić,Not found,FW,Not found,Croatia
Mateo Musacchio,Not found,"DF (CB, right)",Not found,Argentina
Matteo Contini,Not found,DF (CB),Not found,Not found
Maurizio Lanzaro,Not found,DF (CB),Not found,Italy
Mauro dos Santos,Not found,"DF (CB, right)",Not found,Not found
Maxwell,Not found,"DF (FB, left)",Not found,Brazil br  Other: Germany
McDonald Mariga,Not found,MF (DM),Not found,Kenya
Mehdi Lacen,Not found,MF (DM),Not found,Algeria dz  Other: France
Mehmet Topal,Not found,DF-MF (CB-CM-DM),Not found,Turkey
Mesut Özil,Not found,MF (AM-WM),Not found,Germany
Michael Essien,Not found,DF-MF,Not found,Ghana
Michael Jakobsen,Not found,DF (CB-FB),Not found,Denmark
Michael Krohn-Dehli,Not found,FW-MF (CM-WM),Not found,Denmark
Michael Pereira,Not found,FW-MF (AM-WM),Not found,Not found
Michel,Not found,"DF (FB, right)",Not found,Not found
Michu,Not found,FW-MF (AM),Not found,Spain
Miguel Ángel Moyá,Not found,GK,Not found,Spain
Miguel Ángel Nieto,Not found,"MF (WM, right)",Not found,Not found
Miguel de las Cuevas,Not found,MF (AM),Not found,Spain
Miguel Flaño,Not found,DF (CB),Not found,Spain
Miguel Monteiro,Not found,"DF (FB, right)",Not found,Portugal
Miguel Pallardó,Not found,MF (DM),Not found,Spain
Miguel Torres,Not found,DF (CB-FB),Not found,Spain
Mike Havenaar,Not found,FW,Not found,Japan
Mikel Aranburu,Not found,MF (AM),Not found,Not found
Mikel Arruabarrena,Not found,FW,Not found,Spain
Mikel Balenziaga,Not found,"DF (FB, left)",Not found,Spain
Mikel González,Not found,DF (CB),Not found,Not found
Mikel Labaka,Not found,DF (CB),Not found,Not found
Mikel Rico,Not found,MF (CM-DM),Not found,Not found
Mikel Saizar,Not found,GK,Not found,Not found
Mikel San José,Not found,DF-MF (CB-DM),Not found,Spain
Miku,Metropolitanos FC,FW,40-114d,Venezuela
Miquel Robusté,Not found,DF (CB),Not found,Spain
Miranda,Not found,DF (CB),Not found,Brazil
Miroslav Stevanović,Servette,"FW-MF (AM-WM, right)",35-135d,Bosnia and Herzegovina
Mode,Not found,"DF (FB, right)",Not found,Not found
Modeste M'bami,Not found,MF,Not found,Cameroon
Modibo Diakité,Not found,DF (CB),Not found,Not found
Mohamed Sarr,Not found,DF-MF (CB-DM),Not found,Senegal
Mohamed Sissoko,Not found,MF (DM),Not found,Mali ml  Other: France
Mohamed Tchité,Not found,FW,Not found,Burundi
Mohammed Abu,Not found,FW-MF (CM-DM),Not found,Ghana
Mohammed Fatau,Not found,MF (DM),Not found,Not found
Moi Gómez,Osasuna,"FW-MF (AM-CM-WM, left)",31-171d,Spain
Moisés Delgado,Gimnàstic,"DF (FB, left)",31-237d,Not found
Moisés García,Not found,DF (CB),Not found,Not found
Moisés Hurtado,Not found,MF (DM),Not found,Spain
Momo,Not found,"MF (WM, left)",Not found,Not found
Mouhamadou Dabo,Not found,DF (CB-FB),Not found,France fr  Other: Senegal
Mounir El Hamdaoui,Not found,FW,Not found,Morocco ma  Other: Netherlands
Munir El Haddadi,Esteghlal Khuz,FW-MF,30-101d,Morocco ma  Other: Spain
Nélson Marcos,Not found,"DF (CB-FB, right)",Not found,Portugal pt  Other: Cape Verde
Nélson Oliveira,Vitória Guimarães,FW,34-125d,Portugal
Néstor Susaeta,Not found,FW-MF (AM-WM),Not found,Not found
Nabil Baha,Not found,FW,Not found,Morocco
Nabil El Zhar,Not found,"FW-MF (AM-WM, right)",Not found,Morocco ma  Other: France
Nabil Ghilas,Not found,FW-MF (WM),Not found,Algeria dz  Other: France
Nacho,Not found,"DF-MF (FB, left)",Not found,Not found
Nacho,Al Qadisiyah,DF (CB-FB),35-327d,Spain
Nacho Cases,Not found,MF,Not found,Not found
Nacho González,Not found,MF (AM),Not found,Uruguay
Nacho Monreal,Not found,"DF (FB, left)",Not found,Spain
Nacho Novo,Not found,FW,Not found,Not found
Nagore,Not found,DF (CB),Not found,Not found
Naldo,Leixões,DF (CB),37-108d,Not found
Nano,Not found,DF (CB),Not found,Not found
Nano,Not found,"DF-FW-MF (FB-WM, left)",Not found,Spain
Natxo Insa,Johor Darul Ta'zim FC,MF,39-185d,Malaysia my  Other: Spain
Nelson Valdez,Not found,FW,Not found,Paraguay
Nemanja Radoja,Sporting Kansas City,DF-MF (CM-DM),32-308d,Serbia
Nery Castillo,Not found,DF-FW-MF (WM),Not found,Mexico
Neymar,Santos,"FW-MF (AM-WM, left)",33-309d,Brazil
Nicki Bille Nielsen,Not found,FW,Not found,Denmark
Nicolás Bertolo,Not found,"FW-MF (AM-WM, left)",Not found,Argentina
Nicolás Otamendi,Benfica,DF (CB),37-302d,Argentina
Nicolás Pareja,Not found,DF (CB),Not found,Argentina
Nikolaos Karabelas,Not found,"DF (FB, left)",Not found,Greece
Nilmar,Not found,FW,Not found,Brazil
Nino,Not found,FW-MF,Not found,Not found
Noé Pamarot,Not found,DF (CB),Not found,Not found
Nolito,Not found,"FW-MF (AM-WM, left)",Not found,Spain
Nono,Ruch Chorzów,MF (CM),32-256d,Spain
Nordin Amrabat,Wydad AC,FW-MF (AM-CM-WM),38-255d,Morocco ma  Other: Netherlands
Nosa Igiebor,Not found,MF,Not found,Nigeria
Nuri Şahin,Not found,MF (DM),Not found,Turkey tr  Other: Germany
Obafemi Martins,Not found,FW,Not found,Nigeria
Odion Ighalo,Al-Wehda,FW,36-178d,Nigeria
Oguchi Onyewu,Not found,DF (CB),Not found,United States
Oier Olazábal,Not found,GK,Not found,Spain
Oier Sanjurjo,Not found,DF-MF (CB-CM-DM),Not found,Not found
Oleksandr Yakovenko,Not found,FW-MF (WM),Not found,Ukraine
Olivier Thomert,Not found,"FW-MF (WM, left)",Not found,Not found
Omar Mascarell,Mallorca,MF (CM-DM),32-312d,Equatorial Guinea gq  Other: Spain
Omar Ramos,Not found,FW-MF (WM),Not found,Spain
Orestis Karnezis,Not found,GK,Not found,Greece
Oriol Riera,Not found,FW,Not found,Not found
Oriol Romeu,Southampton,MF (CM-DM),34-078d,Spain
Osmar,Seoul E-Land FC,DF-MF (CB-DM),37-189d,Not found
Pablo Íñiguez,Not found,DF-MF (CB-DM),Not found,Spain
Pablo Álvarez,Not found,DF,Not found,Not found
Pablo Álvarez,Not found,"MF (WM, right)",Not found,Not found
Pablo Alcolea,Not found,GK,Not found,Not found
Pablo Barrera,Querétaro,"FW-MF (AM-WM, right)",38-173d,Mexico
Pablo Cáceres,Not found,"DF (FB, left)",Not found,Not found
Pablo Clavería,Not found,MF (CM),Not found,Not found
Pablo Hernández,Not found,FW-MF (AM-CM),Not found,Chile cl  Other: Argentina
Pablo Hernández,Not found,"FW-MF (AM-WM, right)",Not found,Spain
Pablo Hervías,Not found,"MF (AM, right)",Not found,Spain
Pablo Insua,Zaragoza,DF (CB),32-093d,Spain
Pablo Marí,Fiorentina,DF (CB),32-102d,Not found
Pablo Orbaiz,Not found,MF (DM),Not found,Spain
Pablo Pérez,Not found,MF (CM-WM),Not found,Argentina
Pablo Piatti,Not found,"FW-MF (WM, left)",Not found,Argentina
Pablo Pinillos Caro,Not found,"DF (FB, right)",Not found,Not found
Pablo Pintos,Not found,"DF (FB, right)",Not found,Uruguay
Pablo Sarabia,Al-Arabi,FW-MF (AM-WM),33-214d,Spain
Paco Alcácer,Sharjah,FW,32-103d,Spain
Paco Montañés,Not found,FW-MF (WM),Not found,Spain
Paco Peña,Not found,"DF (FB, left & right)",Not found,Not found
Papakouli Diop,Not found,MF (CM-DM),Not found,Senegal
Pape Diakhaté,Not found,DF (CB),Not found,Senegal
Pape Maly Diamanka,Not found,MF (CM),Not found,Senegal
Park Chu-young,Not found,FW-MF (AM),Not found,Korea Republic
Patrick Ebert,Not found,FW-MF (WM),Not found,Germany
Patrick Ekeng,Not found,MF (DM),Not found,Cameroon
Patrick Mtiliga,Not found,"DF (FB, left)",Not found,Denmark
Pau Cendrós,Not found,"DF (CB-FB, right)",Not found,Not found
Pau López,Real Betis,GK,30-363d,Spain
Paul Quaye,Not found,MF (DM),Not found,Ghana
Paulão,Not found,DF (CB),Not found,Not found
Paulo Assunção,Not found,MF (DM),Not found,Not found
Paulo da Silva,Not found,DF (CB),Not found,Paraguay
Pedro,Lazio,"FW-MF (AM-WM, right)",38-136d,Spain
Pedro Bigas,Elche,"DF-MF (CB-FB, left)",35-087d,Not found
Pedro Botelho,Not found,"DF-MF (FB-WM, left)",Not found,Not found
Pedro Geromel,Not found,"DF (CB, right)",Not found,Brazil
Pedro López,AD Ceuta FC,GK,30-324d,Not found
Pedro López Muñoz,Not found,"DF (FB, right)",Not found,Not found
Pedro León,Real Murcia,"FW-MF (AM-WM, right)",39-017d,Spain
Pedro Martín,Not found,FW,Not found,Not found
Pedro Morales,Not found,MF (AM),Not found,Not found
Pedro Mosquera,Not found,MF (CM-DM),Not found,Spain
Pedro Munitis,Not found,FW,Not found,Spain
Pedro Orfila,Not found,DF,Not found,Not found
Pedro Ríos,Not found,"MF (WM, right)",Not found,Not found
Pepe,Not found,DF-MF (CB-DM),Not found,Portugal pt  Other: Brazil
Philippe Coutinho,Vasco da Gama,FW-MF (AM-WM),33-182d,Brazil
Philippe Senderos,Not found,DF (CB),Not found,Switzerland
Pierre Webó,Not found,FW,Not found,Cameroon
Piet Velthuizen,Not found,GK,Not found,Netherlands
Piotr Trochowski,Not found,MF (AM-CM),Not found,Germany de  Other: Poland
Piti,Not found,FW-MF,Not found,Not found
Pizzi,Estoril,FW-MF (AM-CM-WM),36-066d,Portugal
Portu,Girona,"FW-MF (AM-DM-WM, right)",33-204d,Spain
Przemysław Tytoń,Twente,GK,38-341d,Poland
Quincy Owusu-Abeyie,Not found,"FW-MF (WM, left & right)",Not found,Ghana gh  Other: Netherlands
Quini,Atromitos,DF-MF (FB-WM),36-078d,Not found
Quique,Not found,FW-MF,Not found,Not found
Quique Rivero,Not found,MF,Not found,Not found
Raúl Albentosa,Not found,"DF (CB, right)",Not found,Not found
Raúl Albiol,Pisa,"DF (CB, right)",40-098d,Spain
Raúl Baena,Not found,MF (DM),Not found,Spain
Raúl Bravo,Not found,DF,Not found,Spain
Raúl Domínguez,Not found,GK,Not found,Not found
Raúl Fernández,Alavés,GK,37-273d,Not found
Raúl García,Not found,"DF (FB, left)",Not found,Not found
Raúl García,Not found,FW-MF (AM-DM),Not found,Spain
Raúl Goni,Not found,DF (CB),Not found,Spain
Raúl Jiménez,Fulham,FW,34-220d,Mexico
Raúl Navas,Not found,DF (CB),Not found,Not found
Raúl Rodríguez,Not found,DF (CB),Not found,Not found
Raúl Tamudo,Not found,FW,Not found,Spain
Radamel Falcao,Millonarios,FW,39-304d,Colombia
Rafa,Not found,DF-MF (CB),Not found,Not found
Rafa Gálvez,CD Ciudad de Lucena,DF-MF,32-205d,Not found
Rafa García,Not found,MF,Not found,Not found
Rafa Jordà,Not found,FW,Not found,Not found
Rafael Martins,Leixões,FW,36-269d,Not found
Rafel Sastre,Not found,"DF (FB, right)",Not found,Not found
Rafinha,Not found,MF (AM),Not found,Brazil
Rafita,Not found,"DF (FB, right)",Not found,Not found
Răzvan Raț,Not found,"DF (FB, left)",Not found,Romania
Ramón Arcas,Not found,MF,Not found,Not found
Ramon Azeez,Not found,MF (CM),Not found,Nigeria
Rúben Micael,Not found,MF (AM),Not found,Portugal
Rúben Vezo,Olympiacos,DF (CB),31-230d,Portugal
Rúper,Not found,MF (AM-DM),Not found,Not found
Raoul Loé,Not found,MF (DM),Not found,Cameroon cm  Other: France
Raphaël Varane,Not found,"DF-MF (CB-DM, right)",Not found,France
Raul Rusescu,Not found,FW-MF (AM),Not found,Romania
Rayco García Dauta,Not found,FW,Not found,Spain
Recio,Málaga,MF (CM-DM),34-334d,Spain
Renato,Not found,MF (AM-CM-DM),Not found,Brazil
Rene Krhin,Not found,FW-MF (CM-DM),Not found,Slovenia
Ricardo,Not found,GK,Not found,Spain
Ricardo Carvalho,Not found,DF (CB),Not found,Portugal
Ricardo Costa,Not found,DF (CB),Not found,Portugal
Ricardo Horta,Braga,FW-MF (AM-WM),31-087d,Portugal
Ricardo León Brito,Not found,MF (CM),Not found,Not found
Richard Boateng,Not found,MF (DM),Not found,Not found
Richmond Boakye,Not found,FW,Not found,Ghana
Riki,Not found,FW,Not found,Not found
Rober Correa,CD Extremadura,"DF (FB, right)",33-082d,Not found
Robert Acquafresca,Not found,FW,Not found,Italy
Robert Ibáñez,Eldense,"FW-MF (WM, right)",32-264d,Not found
Roberto,Not found,GK,Not found,Not found
Roberto,Not found,GK,Not found,Spain
Roberto Canella,Not found,"DF (FB, left)",Not found,Spain
Roberto Chen,Not found,DF-MF (CB-CM),Not found,Panama
Roberto Lago,Not found,"DF-MF (FB-WM, left)",Not found,Not found
Roberto Rosales,Deportivo Tachira,"DF-MF (CB-FB-WM, right)",37-021d,Venezuela
Roberto Soldado,Not found,FW,Not found,Spain
Roberto Torres,Not found,"MF (WM, right)",Not found,Not found
Roberto Trashorras,Not found,MF (AM-CM-DM),Not found,Spain
Roderick Miranda,Melbourne Victory,"DF (CB, left)",34-256d,Portugal
Rodolfo Bodipo,Not found,FW,Not found,Equatorial Guinea gq  Other: Spain
Rodri,Not found,FW,Not found,Spain
Rodri,Not found,DF (CB),Not found,Spain
Rodrigo,Al Rayyan,FW-MF,34-280d,Spain es  Other: Brazil
Rodrigo De Paul,Inter Miami,FW-MF (CM-WM),31-201d,Argentina
Rodrigo Galatto,Not found,GK,Not found,Not found
Roger Martí,Cádiz,FW,34-342d,Not found
Roland Lamah,Not found,"FW-MF (WM, left)",Not found,Belgium be  Other: Côte d'Ivoire
Romaric,Not found,MF,Not found,Côte d'Ivoire
Roque Santa Cruz,Libertad,FW,44-117d,Paraguay
Rovérsio,Not found,DF (CB),Not found,Not found
Royston Drenthe,Not found,"DF-MF (DM-FB-WM, left)",Not found,Netherlands
Rubén,Not found,GK,Not found,Spain
Rubén,Not found,DF (CB),Not found,Spain
Rubén Blanco,Not found,GK,Not found,Spain
Rubén Castro,Not found,FW-MF (WM),Not found,Spain
Rubén Duarte,Pumas UNAM,"DF (CB-FB, left)",30-054d,Spain
Rubén García,Osasuna,FW-MF (AM-WM),32-150d,Spain
Rubén Miño,Not found,GK,Not found,Spain
Rubén Pérez,AO Kifisia,MF (CM-DM),36-229d,Spain
Rubén Pardo,Not found,MF (CM),Not found,Spain
Rubén Peña,Leganés,"DF-MF (FB-WM, right)",34-146d,Not found
Rubén Ramiro,Not found,FW,Not found,Not found
Rubén Rochina,Not found,FW-MF,Not found,Spain
Rubén Suárez,Not found,"MF (AM-WM, right)",Not found,Spain
Rui Fonte,Paços de Ferreira,FW-MF (WM),35-232d,Portugal
Ruud van Nistelrooy,Not found,FW,Not found,Netherlands
Ryder Matos,Perugia,FW-MF (WM),32-287d,Brazil
Sérgio Pinto,Not found,FW-MF (CM-WM),Not found,Not found
Saïd Boutahar,Not found,"MF (WM, left)",Not found,Not found
Saúl,Not found,"MF (WM, right)",Not found,Spain
Saúl Ñíguez,Flamengo,"DF-MF (CM-DM-WM, left)",31-020d,Spain
Saúl Berjón,Not found,"FW-MF (AM, left)",Not found,Not found
Salomón Rondón,Oviedo,FW,36-086d,Venezuela
Salva Sevilla,Not found,MF (AM-CM-DM),Not found,Not found
Salvador Agra,Leixões,FW-MF (AM),34-030d,Portugal
Sílvio,Not found,DF (FB),Not found,Portugal
Sami Khedira,Not found,MF (CM-DM),Not found,Germany
Sammir,Not found,FW-MF (AM),Not found,Croatia hr  Other: Brazil
Samu Castillejo,Johor Darul Ta'zim FC,"FW-MF (AM-WM, right)",30-327d,Spain
Samu García,Not found,FW-MF (WM),Not found,Not found
Samu Martínez,CD Cieza,MF,31-240d,Not found
Samuel Llorca,Not found,DF (CB),Not found,Not found
Samuel Sáiz,Eyüpspor,FW-MF (AM),34-323d,Spain
Samuele Longo,Not found,FW,33-333d,Italy
Sandro Ramírez,Las Palmas,FW-MF,30-155d,Spain
Sandro Silva,Not found,MF (DM),Not found,Not found
Santi Cazorla,Oviedo,MF (AM-WM),40-363d,Spain
Santi Mina,Not found,FW,Not found,Spain
Santiago Acasiete,Not found,"DF (CB-FB, left)",Not found,Peru
Seba Fernández,Danubio,FW,40-202d,Uruguay
Sebastián Cristóforo,Central Córdoba de Santiago del Estero,MF (CM),32-110d,Uruguay
Sebastián Dubarbier,Not found,"DF-FW-MF (FB-WM, left)",Not found,Not found
Sebastián Eguren,Not found,MF (DM),Not found,Uruguay
Sendoa Agirre,Not found,MF (AM),Not found,Not found
Sergi Darder,Mallorca,MF (AM-CM-WM),31-354d,Spain
Sergi Enrich,Huesca,FW-MF,35-288d,Spain
Sergi Gómez,Alverca,DF (CB),33-258d,Spain
Sergi Roberto,Como,"DF-MF (AM-CM-FB, right)",33-307d,Spain
Sergio,Not found,MF (WM),Not found,Not found
Sergio,Not found,DF (CB),Not found,Spain
Sergio,Not found,MF,Not found,Spain
Sergio Álvarez,Not found,GK,Not found,Not found
Sergio Álvarez,Eibar,DF-MF (CM-DM),33-322d,Spain
Sergio Abad Beyxer,Not found,MF (WM),Not found,Not found
Sergio Agüero,Not found,FW,Not found,Argentina
Sergio Asenjo,Not found,GK,Not found,Spain
Sergio Ballesteros,Not found,DF (CB),Not found,Spain
Sergio Busquets,Inter Miami,MF (CM-DM),37-148d,Spain
Sergio Canales,Monterrey,FW-MF (AM-CM),34-298d,Spain
Sergio Escudero,Deportivo La Coruña,"DF-MF (FB, left)",36-100d,Not found
Sergio García,Not found,FW-MF (WM),Not found,Spain
Sergio Mantecón,Not found,MF (DM),Not found,Not found
Sergio Marcos,RSD Alcalá,MF,33-311d,Not found
Sergio Matabuena,Not found,MF (DM),Not found,Not found
Sergio Pelegrín,Not found,DF (CB),Not found,Spain
Sergio Ramos,Monterrey,DF (CB-FB),39-256d,Spain
Sergio Rico,Al Gharrafa,GK,32-101d,Spain
Sergio Sánchez,Not found,DF (CB),Not found,Spain
Sergio Tejera,Racing Ferrol,MF (CM-DM-WM),35-197d,Spain
Seydou Keita,Not found,MF,Not found,Mali
Shkodran Mustafi,Not found,"DF (CB, right)",Not found,Germany
Sidnei,Not found,"DF (CB, left)",36-110d,Brazil
Simão Mate Junior,Not found,DF-MF (DM),Not found,Mozambique
Simão Sabrosa,Not found,MF (AM-WM),Not found,Portugal
Sisi,Not found,"FW-MF (WM, right)",Not found,Spain
Sofiane Feghouli,Not found,"FW-MF (AM-WM, right)",Not found,Algeria dz  Other: France
Stéphane Mbia,Not found,DF-MF (CB-DM),Not found,Cameroon
Stefan Babović,Not found,MF (AM-WM),Not found,Serbia rs  Other: Montenegro
Stephan Andersen,Not found,GK,Not found,Denmark
Stole Dimitrievski,Valencia,GK,31-351d,North Macedonia
Sulayman Marreh,Not found,DF-MF (CB-DM),Not found,Gambia
Suso,Cádiz,"FW-MF (AM, right)",32-022d,Spain
Tarsicio Aguado,Not found,MF,Not found,Not found
Tato,Not found,MF,Not found,Not found
Teerasil Dangda,Bangkok United FC,FW,37-188d,Thailand
Theo Bongonda,Spartak Moscow,FW-MF (AM),30-021d,Congo DR cd  Other: Belgium
Theofanis Gekas,Not found,FW,Not found,Greece
Thiago Alcántara,Not found,MF (CM-DM-WM),Not found,Spain es  Other: Italy
Thibaut Courtois,Real Madrid,GK,33-214d,Belgium
Thievy Bifouma,Perspolis,FW-MF (AM),33-212d,Congo cg  Other: France
Thomas Partey,Villarreal,DF-MF (CM-DM),32-181d,Ghana
Thomas Vermaelen,Not found,"DF (CB, left)",Not found,Belgium
Tiago Gomes,Not found,MF (CM),Not found,Portugal
Tiago Ilori,FC Dila Gori,DF (CB),32-288d,Portugal pt  Other: England
Tiago Mendes,Not found,MF (CM),Not found,Portugal
Tiago Pinto,Not found,"DF (FB, left)",Not found,Portugal
Tiberio Guarente,Not found,MF (CM),Not found,Italy
Timothée Kolodziejczak,Paris FC,"DF (CB-FB, left)",34-071d,France
Tino Costa,Not found,MF (AM),Not found,Argentina
Tito,Not found,"DF (FB, right)",Not found,Not found
Toño,Not found,GK,Not found,Not found
Toby Alderweireld,Not found,DF (CB-FB),Not found,Belgium
Toché,Not found,FW,Not found,Spain
Tomáš Ujfaluši,Not found,DF (CB),Not found,Czech Republic
Tomás Mejías,Not found,GK,Not found,Spain
Tomás Pina Isla,Not found,MF (CM-DM),Not found,Not found
Tomer Hemed,Not found,FW,Not found,Israel
Tomislav Dujmović,Not found,MF (CM-DM),Not found,Croatia
Toni Doblas,Not found,GK,Not found,Not found
Toni Dovale,Not found,DF-MF (AM-WM),Not found,Not found
Toni Kroos,Not found,"MF (AM-CM-DM-WM, left)",Not found,Germany
Tote,Not found,FW-MF (AM),Not found,Not found
Tropi,Not found,MF (DM),Not found,Not found
Tsepo Masilela,Not found,"DF (FB, left)",Not found,South Africa
Txema Añibarro,Not found,DF-MF (DM),Not found,Not found
Uche Henry Agbo,FC Aktobe,MF (AM-DM),30-007d,Nigeria
Unai Alba,Not found,GK,Not found,Not found
Unai Albizua,Not found,DF (CB),Not found,Not found
Unai Bustinza,Not found,"DF (CB-FB, right)",Not found,Not found
Unai García,Panetolikos,"DF (CB, right)",33-311d,Not found
Unai López,Rayo Vallecano,MF (CM-DM),30-042d,Spain
Urko Vera,Not found,FW,Not found,Not found
Ustaritz,Not found,DF (CB),Not found,Not found
Víctor Álvarez,Not found,"DF-MF (FB, left)",Not found,Spain
Víctor Camarasa,Debrecen,MF (CM),31-197d,Spain
Víctor Casadesús,Not found,FW,Not found,Spain
Víctor Pérez,Not found,MF (DM),Not found,Not found
Víctor Rodríguez,Not found,"FW-MF (AM-WM, left)",Not found,Not found
Víctor Ruiz,Not found,"DF-MF (CB-DM, left)",Not found,Spain
Víctor Sánchez,Not found,"DF-MF (CM-DM, right)",Not found,Not found
Víctor Valdés,Not found,GK,Not found,Spain
Vadim Demidov,Not found,DF-MF (CB-DM),Not found,Norway
Valdet Rama,Not found,"FW-MF (AM-WM, left)",Not found,Albania al  Other: Kosovo
Valdo,Not found,FW-MF (AM-WM),Not found,Cape Verde cv  Other: Spain
Verza,Not found,MF,Not found,Spain
Vicente Guaita,Parma,GK,38-335d,Not found
Vicente Iborra,Not found,MF (AM-CM-DM),Not found,Not found
Vicente Rodríguez,Not found,"FW-MF (WM, left)",Not found,Spain
Vinícius Araújo,Not found,FW,Not found,Brazil
Vitolo,Not found,FW-MF (AM-WM),Not found,Spain
Vitorino Antunes,Paços de Ferreira,"DF (CB-FB, left)",38-254d,Portugal
Vladimír Weiss,ŠK Slovan Bratislava,FW-MF (WM),36-011d,Slovakia
Wakaso,Not found,MF (AM-CM-WM),Not found,Ghana
Waldo Ponce,Not found,DF (CB),Not found,Chile
Walter Pandiani,Not found,FW,Not found,Uruguay
Weligton Oliveira,Not found,DF (CB),Not found,Not found
Wellington Silva,Qingdao Jonoon,"FW-MF (AM-WM, left)",32-339d,Brazil
Welliton,Not found,FW,Not found,Not found
Willian José,Bahia,FW,34-018d,Brazil
Willy Caballero,Not found,GK,Not found,Argentina
Xabi Alonso,Not found,MF (CM-DM),Not found,Spain
Xabi Irureta,Not found,GK,Not found,Not found
Xabi Prieto,Not found,"MF (AM-CM-WM, right)",Not found,Spain
Xabier Castillo,Not found,"DF (FB, left)",Not found,Croatia hr  Other: Spain
Xabier Etxeita,Not found,DF (CB),Not found,Spain
Xavi,Not found,MF (CM),Not found,Spain
Xavi Annunziata,Not found,FW-MF (WM),Not found,Not found
Xavi Torres,Not found,DF-MF (CM-DM),Not found,Not found
Ximo Navarro,Deportivo La Coruña,"DF (CB-FB, right)",35-322d,Not found
Xisco,Not found,FW,Not found,Spain
Xisco,Not found,"FW-MF (WM, left)",Not found,Spain
Xisco Nadal,Not found,FW-MF (WM),Not found,Spain
Yacine Brahimi,Al Gharrafa,"FW-MF (AM, left)",35-306d,Algeria dz  Other: France
Yoel,Racing Ferrol,GK,37-105d,Spain
Yohan Mollo,Olympique Alès,"DF-FW-MF (AM-WM, left)",36-146d,France
Youssef El-Arabi,Nantes,FW,38-311d,Morocco ma  Other: France
Yuri Berchiche,Athletic Club,"DF (FB, left)",35-304d,Spain
Yves Desmarets,Not found,"MF (WM, left)",Not found,Haiti
Zé Castro,Not found,DF (CB),Not found,Portugal
Zakarya Bergdich,Not found,"DF-MF (FB, left)",Not found,Morocco ma  Other: France
Zubi,Not found,MF (WM),Not found,Not found
